,PROPOSED INSTRUCTIONAL CYCLE SKELETON ,,,,,,,,,,,,,
,Level 1  (Grade 1 ),Time ,Domain,Learning Outcome (general),Description ,Number Recognition,Counting & Cardinality,Comparing,Ordering,Place value,Addition,Subtraction,Multiplication,Division
,"Week 1
 Session 1 ",,,,,,,,,,,,,
,"1. Rhyme time
Introduction - Numbers 1 to 5",,Number Recognition,To associate number names with concrete objects/quantities.,"Number rhymes (1 to 5) with repeating words will be played 
Objects will pop up on the screen one by one based on each number.
First, students will listen to the song. Then, they will sing along.
Children will watch, listen, and say the numbers with the rhyme.",TRUE,FALSE,FALSE,FALSE,FALSE,FALSE,FALSE,FALSE,FALSE
,"Game 1 
Spot it",,Number Recognition,Students will be able to recognize and select written digits accurately based on audio cues.,"The screen is filled with scattered single digits where each number repeats several times. When the audio says ""Spot 3,"" the student must find and tap every instance (every single 3) shown on the screen.",FALSE,FALSE,FALSE,FALSE,FALSE,FALSE,FALSE,FALSE,FALSE
,"Game 2
Drag and drop",,Counting & Cardinality,To count objects and link them to the correct numeral.,"Objects will be shown; students need to count the objects, then drag and drop the correct numbers into the options.",FALSE,TRUE,FALSE,FALSE,FALSE,FALSE,FALSE,FALSE,FALSE
2. Story Time,2. Story Time,,,To associate number names with concrete objects/quantities.,"Using Chikku and Chinni, a hunting story will be played with visuals. Bundles of objects will be shown along with numbers 1 to 5.",FALSE,TRUE,FALSE,FALSE,FALSE,FALSE,FALSE,FALSE,FALSE
,"Game 1 
Pop the ballon",,Counting and Cardinality,To associate spoken number names with concrete quantities.,"A group of colorful balloons is displayed on the screen. When the audio calls out a number (e.g., ""4""), the student must tap and pop exactly that many balloons.",TRUE,FALSE,FALSE,FALSE,FALSE,FALSE,FALSE,FALSE,FALSE
,"Game 2
Drag and Fill",,Counting & Cardinality,represent a given number using a collection of objects,"Three baskets will be displayed with numbers like 3, 5, or 2. Students need to fill those baskets with that many roses from a plant or a big basket.",FALSE,TRUE,FALSE,FALSE,FALSE,FALSE,FALSE,FALSE,FALSE
,"Game 3
Match it",,Counting & Cardinality,one-to-one correspondence between pictures and numbers.,Pictures will be on one side and numbers on the other; students need to draw lines to match them.,FALSE,FALSE,FALSE,FALSE,FALSE,FALSE,FALSE,FALSE,FALSE
Arrange the numbers,"3. Missing Numbers
Arranging numbers in order. ",,,,A demo video will be played to show how to find and fill in missing numbers.,FALSE,FALSE,FALSE,TRUE,FALSE,FALSE,FALSE,FALSE,FALSE
,"Game 1 
Number line",,Sequencing,To sequence numbers and identify missing numbers in a series.,"A horizontal number line is displayed with a few empty slots. Below the line, four fish-shaped cards containing different numbers are swimming. Students must identify the sequence of the number line and drag the correct fish into its matching missing spot",FALSE,FALSE,FALSE,TRUE,FALSE,FALSE,FALSE,FALSE,FALSE
Let us write,"4. Tracing  
Explanation video",,,,A demo will show how to trace numbers and where to start and end each number.,FALSE,FALSE,FALSE,FALSE,FALSE,FALSE,FALSE,FALSE,FALSE
,"Game 1
Trace ",,Number Formation,To master the correct formation and writing of numerals.,Students trace numbers on the screen using arrow guidance.,FALSE,FALSE,FALSE,FALSE,FALSE,FALSE,FALSE,FALSE,FALSE
,,,,,,FALSE,FALSE,FALSE,FALSE,FALSE,FALSE,FALSE,FALSE,FALSE
,"
Week 1 
Session 2",,,,,FALSE,FALSE,FALSE,FALSE,FALSE,FALSE,FALSE,FALSE,FALSE
,"1. Rhyme time
Introduction - Numbers 6 to 9",,,To associate number names with concrete objects/quantities.,"Number rhymes (6 to 9) with repeating words will be played 
Objects will pop up on the screen one by one based on each number.
First, students will listen to the song. Then, they will sing along.
Children will watch, listen, and say the numbers with the rhyme.",TRUE,FALSE,FALSE,FALSE,FALSE,FALSE,FALSE,FALSE,FALSE
,"Game 1 
Spot it",,Number Recognition,Students will be able to recognize and select written digits accurately based on audio cues.,"The screen is filled with scattered single digits where each number repeats several times. When the audio says ""Spot 7,"" the student must find and tap every instance (every single 7) shown on the screen.",FALSE,FALSE,FALSE,FALSE,FALSE,FALSE,FALSE,FALSE,FALSE
,"Game 2
Drag and drop",,Counting & Cardinality,To count objects and link them to the correct numeral.,"Objects will be shown; students need to count the objects, then drag and drop the correct numbers into the options.",FALSE,TRUE,FALSE,FALSE,FALSE,FALSE,FALSE,FALSE,FALSE
,2. Story Time,,,To associate number names with concrete objects/quantities.,"Using Chikku and Chinnu, a hunting story will be played with visuals. Bundles of objects will be shown along with numbers 6 to 9.",FALSE,TRUE,FALSE,FALSE,FALSE,FALSE,FALSE,FALSE,FALSE
,"Game 1 
Pop the ballon",,Counting and Cardinality,To associate spoken number names with concrete quantities.,"A group of colorful balloons is displayed on the screen. When the audio calls out a number (e.g., ""4""), the student must tap and pop exactly that many balloons.",TRUE,FALSE,FALSE,FALSE,FALSE,FALSE,FALSE,FALSE,FALSE
,"Game 2
Drag and Fill",,Counting and Cardinality,represent a given number using a collection of objects,"Three baskets will be displayed with numbers like 6, 7, or 9. Students need to fill those baskets with that many roses from a plant or a big basket.",FALSE,TRUE,FALSE,FALSE,FALSE,FALSE,FALSE,FALSE,FALSE
,"Game 3
Match it",,Counting and Cardinality,one-to-one correspondence between pictures and numbers.,Pictures will be on one side and numbers on the other; students need to draw lines to match them.,FALSE,TRUE,FALSE,FALSE,FALSE,FALSE,FALSE,FALSE,FALSE
,"3. Arranging the numbers
Missing Numbers
",,,To sequence numbers and identify missing numbers in a series.,A demo video will be played to show how to find and fill in missing numbers.,FALSE,FALSE,TRUE,TRUE,FALSE,FALSE,FALSE,FALSE,FALSE
,"Game 1 
Number line",,Sequencing,To sequence numbers and identify missing numbers in a series.,"A horizontal number line is displayed with a few empty slots. Below the line, four fish-shaped cards containing different numbers are swimming. Students must identify the sequence of the number line and drag the correct fish into its matching missing spot",FALSE,FALSE,FALSE,TRUE,FALSE,FALSE,FALSE,FALSE,FALSE
,4. Tracing ,,,,A demo will show how to trace numbers and where to start and end each number.,FALSE,FALSE,FALSE,FALSE,FALSE,FALSE,FALSE,FALSE,FALSE
,"Game 1
Trace ",,Number Formation,To master the correct formation and writing of numerals.,Students trace numbers on the screen using arrow guidance.,FALSE,FALSE,FALSE,FALSE,FALSE,FALSE,FALSE,FALSE,FALSE
,,,,,,FALSE,FALSE,FALSE,FALSE,FALSE,FALSE,FALSE,FALSE,FALSE
,"
Week 1
 Session 3",,,,,FALSE,FALSE,FALSE,FALSE,FALSE,FALSE,FALSE,FALSE,FALSE
Revision video,Revision - Numbers 1 to 9,,,,,TRUE,FALSE,FALSE,FALSE,FALSE,FALSE,FALSE,FALSE,FALSE
,"Drag and drop, drag and fill, match it, number line",,,,,FALSE,FALSE,FALSE,FALSE,FALSE,FALSE,FALSE,FALSE,FALSE
,,,,,,,,,,,,,,
,Level 2  (Grade 2 ),Time ,Domain,Learning Outcome (general),Description ,Number Recognition,Counting & Cardinality,Comparing,Ordering,Place value,Addition,Subtraction,Multiplication,Division
,"Week 1
 Session 1 ",,,,,,,,,,FALSE,FALSE,FALSE,FALSE
,"1. Rhyme time
Introduction - Numbers 1 to 9",,,To associate number names with concrete objects/quantities.,"Number rhymes (1 to 9) with repeating words will be played 
Objects will pop up on the screen one by one based on each number.
First, students will listen to the song. Then, they will sing along.
Children will watch, listen, and say the numbers with the rhyme.",TRUE,FALSE,FALSE,FALSE,FALSE,FALSE,FALSE,FALSE,FALSE
,"Game 1 
Spot it",,Number Recognition,Students will be able to recognize and select written digits accurately based on audio cues.,"The screen is filled with scattered single digits where each number repeats several times. When the audio says ""Spot 3,"" the student must find and tap every instance (every single 3) shown on the screen.",FALSE,FALSE,FALSE,FALSE,FALSE,FALSE,FALSE,FALSE,FALSE
,"Game 2
Drag and drop",,Counting & Cardinality,To count objects and link them to the correct numeral.,"Objects will be shown; students need to count the objects, then drag and drop the correct numbers into the options.",FALSE,TRUE,FALSE,FALSE,FALSE,FALSE,FALSE,FALSE,FALSE
,2. Story Time,,,To associate number names with concrete objects/quantities.,"Using Chikku and Chinni, a hunting story will be played with visuals. Bundles of objects will be shown along with numbers 1 to 9",FALSE,TRUE,FALSE,FALSE,FALSE,FALSE,FALSE,FALSE,FALSE
,"Game 1 
Pop the ballon",,Counting and Cardinality,To associate spoken number names with concrete quantities.,"A group of colorful balloons is displayed on the screen. When the audio calls out a number (e.g., ""4""), the student must tap and pop exactly that many balloons.",TRUE,FALSE,FALSE,FALSE,FALSE,FALSE,FALSE,FALSE,FALSE
,"Game 2
Drag and Fill",,Counting and Cardinality,represent a given number using a collection of objects,"Three baskets will be displayed with numbers like 3, 5, or 2. Students need to fill those baskets with that many roses from a plant or a big basket.",FALSE,TRUE,FALSE,FALSE,FALSE,FALSE,FALSE,FALSE,FALSE
,"Game 3
Match it",,Counting and Cardinality,one-to-one correspondence between pictures and numbers.,Pictures will be on one side and numbers on the other; students need to draw lines to match them.,FALSE,FALSE,FALSE,FALSE,FALSE,FALSE,FALSE,FALSE,FALSE
,"3. Arranging the numbers
Explanation video

",,,,A demo video will be played to show how to find and fill in missing numbers.,FALSE,FALSE,FALSE,TRUE,FALSE,FALSE,FALSE,FALSE,FALSE
,"Game 1 
Number line",,Sequencing,To sequence numbers and identify missing numbers in a series.,"A horizontal number line is displayed with a few empty slots. Below the line, four fish-shaped cards containing different numbers are swimming. Students must identify the sequence of the number line and drag the correct fish into its matching missing spot",FALSE,FALSE,FALSE,TRUE,FALSE,FALSE,FALSE,FALSE,FALSE
,4. Tracing ,,,,A demo will show how to trace numbers and where to start and end each number.,FALSE,FALSE,FALSE,FALSE,FALSE,FALSE,FALSE,FALSE,FALSE
,"Game 1
Trace ",,Number Formation,To master the correct formation and writing of numerals.,Students trace numbers on the screen using arrow guidance.,FALSE,FALSE,FALSE,FALSE,FALSE,FALSE,FALSE,FALSE,FALSE
,,,,,,FALSE,FALSE,FALSE,FALSE,FALSE,FALSE,FALSE,FALSE,FALSE
,"Week 1 
Session 2",,,,,FALSE,FALSE,FALSE,FALSE,FALSE,FALSE,FALSE,FALSE,FALSE
,"1. Rhyme time
Introduction - Numbers 10 to 50
",,,Identify and recite numbers ,A catchy rhyme about 10 sticks becoming 1 bundle. Visuals will show 10 individual sticks jumping into a thread and getting tied.,TRUE,FALSE,FALSE,FALSE,FALSE,FALSE,FALSE,FALSE,FALSE
,"Game 1 
Spot it",,Number Recognition,Students will be able to recognize and select written digits accurately based on audio cues.,"The screen is filled with scattered single digits where each number repeats several times. When the audio says ""Spot 13,"" the student must find and tap every instance (every single 13) shown on the screen.",FALSE,FALSE,FALSE,FALSE,FALSE,FALSE,FALSE,FALSE,FALSE
,"2. Story Time
multiples of ten",,,To associate number names with concrete objects/quantities.,"Using Chikku and Chinnu, a hunting story will be played with visuals. Bundles of objects will be shown along with numbers 10 to 50",FALSE,TRUE,FALSE,FALSE,FALSE,FALSE,FALSE,FALSE,FALSE
,"Game 1
Drag and drop",,Place Value / Multiples of 10,To skip-count in tens and identify the total value of multiple ten-unit groups.,Several bundles (each containing exactly ten items) are displayed. Students must skip-count by tens to find the total value and drag the correct number from the options into the answer box.,FALSE,TRUE,FALSE,FALSE,FALSE,FALSE,FALSE,FALSE,FALSE
,"3. Let us learn
Explanation Video",,,To count objects and link them to the correct numeral.,Demo video,FALSE,FALSE,FALSE,FALSE,FALSE,FALSE,FALSE,FALSE,FALSE
,"Game 1
Drag and drop",,Place Value (Composition),To count objects and link them to the correct numeral.,"Groups of Ten-bundles and Loose sticks will be shown on the screen. Students need to count the total value (counting bundles as 10s and sticks as 1s), then drag and drop the correct number from the options into the answer box.",FALSE,FALSE,FALSE,FALSE,FALSE,FALSE,FALSE,FALSE,FALSE
,"Game 2
Drag and Fill",,Place Value (Decomposition),represent a given number using a collection of objects,"Three baskets are displayed with numbers like 26, 37, or 49. Students must fill each basket by dragging the correct amount of Ten-bundles and Loose sticks from a big pile.",FALSE,TRUE,FALSE,FALSE,FALSE,FALSE,FALSE,FALSE,FALSE
,"Game 3
Match it",,Place Value (Representation),one-to-one correspondence between pictures and numbers.,"Sets of Ten-bundles and Loose sticks will be on one side, and their corresponding 2-digit numbers (10 to 50) will be on the other side. Students need to draw lines to match the correct bundle set to its number.",FALSE,TRUE,FALSE,FALSE,FALSE,FALSE,FALSE,FALSE,FALSE
,"4. Arranging the numbers  

Missing Numbers
",,,To sequence numbers and identify missing numbers in a series.,A demo video will be played to show how to find and fill in missing numbers.,FALSE,FALSE,TRUE,TRUE,FALSE,FALSE,FALSE,FALSE,FALSE
,"Game 1 
Number line",,Sequencing,To sequence numbers and identify missing numbers in a series.,"A horizontal number line is displayed with a few empty slots. Below the line, four fish-shaped cards containing different numbers are swimming. Students must identify the sequence of the number line and drag the correct fish into its matching missing spot",FALSE,FALSE,FALSE,TRUE,FALSE,FALSE,FALSE,FALSE,FALSE
,,,,,,FALSE,FALSE,FALSE,FALSE,FALSE,FALSE,FALSE,FALSE,FALSE
,"Week 1
 Session 3",,,,,FALSE,FALSE,FALSE,FALSE,FALSE,FALSE,FALSE,FALSE,FALSE
,Revision video - Numbers 21 to 50,,,,,TRUE,FALSE,FALSE,FALSE,FALSE,FALSE,FALSE,FALSE,FALSE
,"Drag and drop, drag and fill, match it, number line",,,,,FALSE,FALSE,FALSE,FALSE,FALSE,FALSE,FALSE,FALSE,FALSE
,,,,,,FALSE,FALSE,FALSE,FALSE,FALSE,FALSE,FALSE,FALSE,FALSE
,"Level 3 ( Grade 3 )
Week 1
 Session 1  ",,,,Number Recognition,Counting & Cardinality,Comparing,Ordering,Place value,Addition,Subtraction,Multiplication,Division,
,"1. Rhyme Time
Introduction - Multiples of 100 ( 100 to 500 )",,, Students will visually connect quantity counts to 3-digit number names.," A repeating number rhyme (100–500) plays while objects pop up one by one to match the count. Students listen first, then sing along while watching.",FALSE,FALSE,FALSE,FALSE,FALSE,FALSE,FALSE,FALSE,
,"Game 1 
Spot it",,Number Recognition,Students will be able to recognize and select written digits accurately based on audio cues.,"The screen is filled with scattered single digits where each number repeats several times. When the audio says ""Spot 130,"" the student must find and tap every instance (every single 130) shown on the screen.",FALSE,FALSE,FALSE,FALSE,FALSE,FALSE,FALSE,FALSE,FALSE
,"2. Story time
Number - 100 - 500",,,Students will conceptualize the H-T-O structure and the role of zero in number formation.,"The story explains how to form numbers using Hundreds, Tens, and Ones bundles. It also explains the Zero Guard (placeholder) to avoid common writing errors.",FALSE,FALSE,FALSE,TRUE,FALSE,FALSE,FALSE,FALSE,
,"Game 1
Drag and drop",,Place Value / Multiples of 100,To skip-count in tens and identify the total value of multiple ten-unit groups.,Several bundles (each containing exactly hundred items) are displayed. Students must skip-count by hundreds to find the total value and drag the correct number from the options into the answer box.,FALSE,TRUE,FALSE,FALSE,FALSE,FALSE,FALSE,FALSE,FALSE
,"3. Let us learn
Explanation Video",,,,,FALSE,FALSE,FALSE,FALSE,FALSE,FALSE,FALSE,FALSE,
,"Game 1
Drag and drop",,Place Value / Multiples of 100,To skip-count in hundreds and identify the total value of multiple hundred-unit groups.,Several bundles (each containing exactly hundred items) are displayed. Students must skip-count by tens to find the total value and drag the correct number from the options into the answer box.,FALSE,TRUE,FALSE,FALSE,FALSE,FALSE,FALSE,FALSE,FALSE
,"Game 2
Drag and Fill",,Place Value (Decomposition),represent a given number using a collection of objects,"A 3-digit number is displayed (e.g., 452). Three baskets are provided: Hundreds, Tens, and Ones. Students must drag and drop the correct quantities—4 Hundred-bundles, 5 Ten-bundles, and 2 Loose sticks—into their respective baskets.",FALSE,FALSE,FALSE,TRUE,FALSE,FALSE,FALSE,FALSE,
,"Game 3
Match it",,Place Value (Representation),one-to-one correspondence between pictures and numbers.,"Sets of Hundred-bundles, Ten-bundles and Loose sticks will be on one side, and their corresponding 3-digit numbers (100 to 500) will be on the other side. Students need to draw lines to match the correct bundle set to its number.",FALSE,TRUE,FALSE,FALSE,FALSE,FALSE,FALSE,FALSE,FALSE
,"4. Arranging the numbers  

Missing Numbers
",,,To sequence numbers and identify missing numbers in a series.,A demo video will be played to show how to find and fill in missing numbers.,FALSE,FALSE,TRUE,TRUE,FALSE,FALSE,FALSE,FALSE,FALSE
,"Game 1 
Number line",,Sequencing,To sequence numbers and identify missing numbers in a series.,"A horizontal number line is displayed with a few empty slots. Below the line, four fish-shaped cards containing different numbers are swimming. Students must identify the sequence of the number line and drag the correct fish into its matching missing spot",FALSE,FALSE,FALSE,TRUE,FALSE,FALSE,FALSE,FALSE,FALSE
,,,,,,FALSE,FALSE,FALSE,FALSE,FALSE,FALSE,FALSE,FALSE,FALSE
,"Level 3 ( Grade 3 )
  Week 1  
Session 2  ",,,,,FALSE,FALSE,FALSE,FALSE,FALSE,FALSE,FALSE,FALSE,FALSE
,"Rhyme Time
Introduction - Multiples of 100 ( 500 to 900 )",,, Students will visually connect quantity counts to 3-digit number names.," A repeating number rhyme (500–900) plays while objects pop up one by one to match the count. Students listen first, then sing along while watching.",FALSE,FALSE,FALSE,FALSE,FALSE,FALSE,FALSE,FALSE,FALSE
,"Game 1 
Spot it",,Number Recognition,Students will be able to recognize and select written digits accurately based on audio cues.,"The screen is filled with scattered single digits where each number repeats several times. When the audio says ""Spot 630,"" the student must find and tap every instance (every single 630) shown on the screen.",FALSE,FALSE,FALSE,FALSE,FALSE,FALSE,FALSE,FALSE,FALSE
,"2. Story time
Number - 500 - 999",,,Students will conceptualize the H-T-O structure and the role of zero in number formation.,"The story explains how to form numbers using Hundreds, Tens, and Ones bundles. It also explains the Zero Guard (placeholder) to avoid common writing errors.",FALSE,FALSE,FALSE,TRUE,FALSE,FALSE,FALSE,FALSE,
,"Game 1
Drag and drop",,Place Value / Multiples of 100,To skip-count in tens and identify the total value of multiple ten-unit groups.,Several bundles (each containing exactly hundred items) are displayed. Students must skip-count by hundreds to find the total value and drag the correct number from the options into the answer box.,FALSE,TRUE,FALSE,FALSE,FALSE,FALSE,FALSE,FALSE,FALSE
,"3. Let us learn
Explanation Video",,,,,FALSE,FALSE,FALSE,FALSE,FALSE,FALSE,FALSE,FALSE,
,"Game 1
Drag and drop",,Place Value / Multiples of 100,To skip-count in hundreds and identify the total value of multiple hundred-unit groups.,Several bundles (each containing exactly hundred items) are displayed. Students must skip-count by tens to find the total value and drag the correct number from the options into the answer box.,FALSE,TRUE,FALSE,FALSE,FALSE,FALSE,FALSE,FALSE,FALSE
,"Game 2
Drag and Fill",,Place Value (Decomposition),represent a given number using a collection of objects,"A 3-digit number is displayed (e.g., 652). Three baskets are provided: Hundreds, Tens, and Ones. Students must drag and drop the correct quantities—6 Hundred-bundles, 5 Ten-bundles, and 2 Loose sticks—into their respective baskets.",FALSE,FALSE,FALSE,TRUE,FALSE,FALSE,FALSE,FALSE,
,"Game 3
Match it",,Place Value (Representation),one-to-one correspondence between pictures and numbers.,"Sets of Hundred-bundles, Ten-bundles and Loose sticks will be on one side, and their corresponding 3-digit numbers (500 to 999) will be on the other side. Students need to draw lines to match the correct bundle set to its number.",FALSE,TRUE,FALSE,FALSE,FALSE,FALSE,FALSE,FALSE,FALSE
,"4. Arranging the numbers  

Missing Numbers
",,,To sequence numbers and identify missing numbers in a series.,A demo video will be played to show how to find and fill in missing numbers.,FALSE,FALSE,TRUE,TRUE,FALSE,FALSE,FALSE,FALSE,FALSE
,"Game 1 
Number line",,Sequencing,To sequence numbers and identify missing numbers in a series.,"A horizontal number line is displayed with a few empty slots. Below the line, four fish-shaped cards containing different numbers are swimming. Students must identify the sequence of the number line and drag the correct fish into its matching missing spot",FALSE,FALSE,FALSE,TRUE,FALSE,FALSE,FALSE,FALSE,FALSE
,,,,,,FALSE,FALSE,FALSE,FALSE,FALSE,FALSE,FALSE,FALSE,FALSE
,"Level 3 ( Grade 3 )
  Week 1  
Session 3  ",,,,,FALSE,FALSE,FALSE,FALSE,FALSE,FALSE,FALSE,FALSE,FALSE
,Revision video - Numbers 100 to 999,,,,,TRUE,FALSE,FALSE,FALSE,FALSE,FALSE,FALSE,FALSE,FALSE
,"Drag and drop, drag and fill, match it, number line",,,,,FALSE,FALSE,FALSE,FALSE,FALSE,FALSE,FALSE,FALSE,FALSE
,,,,,,FALSE,FALSE,FALSE,FALSE,FALSE,FALSE,FALSE,FALSE,FALSE
,"Level 3 ( Grade 3 )
  Week 2   ( Place value & Comparison )
Session 1",,,,,FALSE,FALSE,FALSE,FALSE,FALSE,FALSE,FALSE,FALSE,FALSE
,"1. Rhyme Time

Introduction ",,,,,FALSE,FALSE,FALSE,FALSE,FALSE,FALSE,FALSE,FALSE,FALSE
,"Game 1
Balance",,Place value,,"Students must drag the correct number of items to the right tray to balance the scale.
Example 1: If the number is 80, the student drags and drops 8 Pouches.
Example 2: If the number is 300, the student drags and drops 3 Sacks.",FALSE,FALSE,FALSE,FALSE,FALSE,FALSE,FALSE,FALSE,FALSE
,"2. Story time
Animated video",,,,,FALSE,FALSE,FALSE,FALSE,FALSE,FALSE,FALSE,FALSE,FALSE
,"Game 1 
Count, Pick , Drop   (or)    Number Builder",,Place value,To identify and form a 3-digit number by counting its individual place values.,"Place value boxes (H, T, O) are shown with different counts of items in each. Students must count the items and drag the matching 3-digit number into the empty slot.",FALSE,FALSE,FALSE,FALSE,FALSE,FALSE,FALSE,FALSE,FALSE
,"Game 2
Color the seeds",,Place value,To represent a 3-digit number by identifying the correct quantity for each place value position.,"An audio prompt or a visual number (e.g., 211) is given. Three boxes (H, T, O) containing empty seeds are shown. Students must tap to ""color"" the correct number of seeds in each box to represent the given number.",FALSE,FALSE,FALSE,FALSE,FALSE,FALSE,FALSE,FALSE,FALSE
,"Game 3
Place value Drag and fill",,Place value,,"A 3-digit number (e.g., 461) is shown as the target. Below it are empty H, T, and O placeholder boxes. Students must drag the correct number of Hundred-seed bags, Ten-seed bags, and individual Ones-seeds into their corresponding boxes to match the target number.",FALSE,FALSE,FALSE,FALSE,FALSE,FALSE,FALSE,FALSE,FALSE
,"Les us learn
Explanation Video
Place value & Zero as place holder",,,,,FALSE,FALSE,FALSE,FALSE,FALSE,FALSE,FALSE,FALSE,FALSE
,"Game 1
Drag and Drop",,Place value,,"The screen shows a set of filled H, T, O box containing a specific amount (e.g., 1 Hundred Sack and 5 Loose Seeds). Students must identify the total value and drag the correct number card from four options to match the trays.",FALSE,FALSE,FALSE,FALSE,FALSE,FALSE,FALSE,FALSE,FALSE
,"Game 2  
Drag and fill",,Place value,,"he screen displays a 3-digit number containing a zero (e.g., 105 or 300) and three baskets labeled H, T, and O. Students must fill these baskets to represent the number. Since certain baskets will remain physically empty, the student must use a ""Placeholder Card"" (a colorless/transparent image of a sack, pouch, or seed) to acknowledge the empty place value and balance the game scale.",FALSE,FALSE,FALSE,FALSE,FALSE,FALSE,FALSE,FALSE,FALSE
,"Comparison
Explanation video",,,,,FALSE,FALSE,FALSE,FALSE,FALSE,FALSE,FALSE,FALSE,FALSE
,"Game 1
Sign drop",,Comparing Numbers,," Two numbers are displayed side-by-side with a square placeholder box positioned exactly between them. (e.g., 140 vs 899). Students must drag and drop the correct comparison symbol (>, <, or =) into the space between them.",FALSE,FALSE,FALSE,FALSE,FALSE,FALSE,FALSE,FALSE,FALSE
,"Level 3 ( Grade 3 )
  Week 3  ( Addition )
Session 1",,,,,FALSE,FALSE,FALSE,FALSE,FALSE,FALSE,FALSE,FALSE,FALSE
,"1. Rhyme Time

Introduction ",,,,,FALSE,FALSE,FALSE,FALSE,FALSE,FALSE,FALSE,FALSE,FALSE
,"Game 1
Drag and Drop",,Addition,,"Students are shown a specific quantity of hundreds (Sacks), tens (Pouches), and ones (Loose Seeds) on the screen. They must count the total value across the place value groups and drag the correct 3-digit number from four options into the answer slot.",FALSE,FALSE,FALSE,FALSE,FALSE,FALSE,FALSE,FALSE,FALSE
,"2. Story time
Addition",,,,,FALSE,FALSE,FALSE,FALSE,FALSE,FALSE,FALSE,FALSE,FALSE
,"Game 1
Count and fill - Type 1 ( without regrouping )",,Addition,,,FALSE,FALSE,FALSE,FALSE,FALSE,FALSE,FALSE,FALSE,FALSE
,"Game 2
Count and fill  - Type 2 
 ( with regrouping )",,Addition,,,FALSE,FALSE,FALSE,FALSE,FALSE,FALSE,FALSE,FALSE,FALSE
,"3. let us learn
Addressing Placeholder Zero",,,,,FALSE,FALSE,FALSE,FALSE,FALSE,FALSE,FALSE,FALSE,FALSE
,"Game 1
Convert First",,Addition,,"In a vertical H-T-O grid, students drag seeds into the 'Ones' column. Once they drag the 10th seed, the column ""shakes"" and refuses to hold more; the student must then click a ""Convert"" button to turn those 10 seeds into 1 Pouch and drag it to the 'Tens' column.",FALSE,FALSE,FALSE,FALSE,FALSE,FALSE,FALSE,FALSE,FALSE
,"4. Solve it
Addition using numbers",,,,,FALSE,FALSE,FALSE,FALSE,FALSE,FALSE,FALSE,FALSE,FALSE
,"Game 1
Count and fill  ( without regrouping )",,Addition,,,FALSE,FALSE,FALSE,FALSE,FALSE,FALSE,FALSE,FALSE,FALSE
,"Game 2
Count and fill  ( with regrouping )",,Addition,,,FALSE,FALSE,FALSE,FALSE,FALSE,FALSE,FALSE,FALSE,FALSE
,,,,,,FALSE,FALSE,FALSE,FALSE,FALSE,FALSE,FALSE,FALSE,FALSE
," Level 4 ( Grade 4 )
  Week 1  
Session 1  ",,,,,FALSE,FALSE,FALSE,FALSE,FALSE,FALSE,FALSE,FALSE,FALSE
,"Rhyme Time
Introduction - 100, 1000, 9999",,, Students will visually connect quantity counts to 4-digit number names.,"A repeating rhyme about thousands , hundreds and ones. As the rhyme plays, objects pop up in Thousand-bundles and Hundred-bundles.",FALSE,FALSE,FALSE,FALSE,FALSE,FALSE,FALSE,FALSE,FALSE
,"Game 1
Drag and Drop",,Place value,To understand the relationship between hundreds and thousands by regrouping units to represent a larger number.,"A 4-digit multiple of 1000 is displayed (e.g., 4000). Several thousand-bundles are provided on the screen. Students must drag and drop the correct number of Thousand-bundles into a box to match the number.",FALSE,FALSE,FALSE,FALSE,FALSE,FALSE,FALSE,FALSE,FALSE
,"Story time
Number - 1000 to 5000 ( Random numbers )",,Place value,Students will conceptualize the Th- H-T-O structure and the role of zero in number formation.,"The story explains how to form numbers using Thousand, Hundreds, Tens, and Ones bundles. It also explains the Zero Guard (placeholder) to avoid common writing errors.",FALSE,FALSE,FALSE,FALSE,FALSE,FALSE,FALSE,FALSE,FALSE
,"Game 1
Drag and fill",,Place Value (Expansion),"To expand a four-digit number by identifying and representing the value of each digit in its respective place (Thousands, Hundreds, Tens, and Ones).","A 4-digit number is displayed (e.g., 4562). Three baskets are provided: Hundreds, Tens, and Ones. Students must drag and drop the correct quantities—4 Thousand -bundles, 5 Hundred-bundles, 6 Ten-bundles, and 2 Loose sticks—into their respective baskets.",FALSE,FALSE,FALSE,FALSE,FALSE,FALSE,FALSE,FALSE,FALSE
,"Game 2
Match it",,Place Value (4-Digit Representation),Students will translate visual quantities into their corresponding numerical representations.,"Two columns are shown. One column has sets of bundles (e.g., 2 Thousands 3 Hundreds and 3 Tens) and the other has numbers (e.g., 2330). Students must draw a line to match the bundles to the correct number.",FALSE,FALSE,FALSE,FALSE,FALSE,FALSE,FALSE,FALSE,FALSE
,"Let us learn 
Comparison - Explanation video",,,Students will compare 4-digit values by prioritizing the Hundred's place value over smaller units.,"A short video shows that the side with more Hundred-bundles is always the winner, even if the other side has many loose sticks.",FALSE,FALSE,FALSE,FALSE,FALSE,FALSE,FALSE,FALSE,FALSE
,"Game 1
Pop the ballon
",,Number Recognition & Place Value Discrimination,To identify the correct 4-digit number by distinguishing between similar-looking numerical sequences based on an auditory prompt.,"An audio prompt says a number (e.g., 3013). Two doors appear with similar-looking numbers (e.g., 3013 vs 3031). Students must tap the correct door to move forward.",FALSE,FALSE,FALSE,FALSE,FALSE,FALSE,FALSE,FALSE,FALSE
,"Game 2
Sign Drop",,Comparing and Ordering Numbers,To compare two four-digit numbers using comparison symbols based on the value of their digits in the highest place positions.,"Two sets of bundles are shown side-by-side with their total numbers written below them (e.g., 3140 vs 2899). Students must drag and drop the correct comparison symbol (>, <, or =) into the space between them.",FALSE,FALSE,FALSE,FALSE,FALSE,FALSE,FALSE,FALSE,FALSE
,"4. Arrange the numbers
Explanation Video",,,,,FALSE,FALSE,FALSE,FALSE,FALSE,FALSE,FALSE,FALSE,FALSE
,"
Game 1
Number line",,Missing numbers,To sequence numbers and identify missing numbers in a series.,"A horizontal number line is displayed with a few empty slots. Below the line, four fish-shaped cards containing different numbers are swimming. Students must identify the sequence of the number line and drag the correct fish into its matching missing spot",FALSE,FALSE,FALSE,FALSE,FALSE,FALSE,FALSE,FALSE,FALSE
,"Game 2
Number line ",,Sequencing,To order 4-digit numbers correctly by comparing their values.,"An empty horizontal line is shown with a ""Smallest"" sign on the left and a ""Largest"" sign on the right. Several fish swimming across carry 4-digit numbers. Students must drag the fish and place them in the correct sequence on the line, following the order (smallest to largest or largest to smallest) as instructed.",FALSE,FALSE,FALSE,FALSE,FALSE,FALSE,FALSE,FALSE,FALSE
,,,,,,,,,,,,,,
,"Level 4  ( Grade 4 )

  Week 1  
Session 2 ",,,,,FALSE,FALSE,,,,,,,
,"Rhyme Time
Introduction - Multiples of 1000 ( 5000 to 9000 )",,, Students will visually connect quantity counts to 4-digit number names.," A repeating number rhyme (5000–9000) plays while objects pop up one by one to match the count. Students listen first, then sing along while watching.",FALSE,FALSE,,,,,,,
,"Game 1
Drag and Drop",,Place value,To understand the relationship between hundreds and thousands by regrouping units to represent a larger number.,"A 4-digit multiple of 1000 is displayed (e.g., 6000). Several thousand-bundles are provided on the screen. Students must drag and drop the correct number of Thousand-bundles into a box to match the number.",FALSE,FALSE,FALSE,FALSE,FALSE,FALSE,FALSE,FALSE,FALSE
,"Story time
Number - 1000 to 9,999 ( Random numbers )",,Place value,Students will conceptualize the Th- H-T-O structure and the role of zero in number formation.,"The story explains how to form numbers using Thousand, Hundreds, Tens, and Ones bundles. It also explains the Zero Guard (placeholder) to avoid common writing errors.",FALSE,FALSE,FALSE,FALSE,FALSE,FALSE,FALSE,FALSE,FALSE
,"Game 1
Drag and fill",,Place Value (Expansion),"To expand a four-digit number by identifying and representing the value of each digit in its respective place (Thousands, Hundreds, Tens, and Ones).","A 4-digit number is displayed (e.g., 7562). Three baskets are provided: Thousand, Hundreds, Tens, and Ones. Students must drag and drop the correct quantities—7 Thousand -bundles, 5 Hundred-bundles, 6 Ten-bundles, and 2 Loose sticks—into their respective baskets.",FALSE,FALSE,FALSE,FALSE,FALSE,FALSE,FALSE,FALSE,FALSE
,"Game 2
Match it",,Place Value (4-Digit Representation),Students will translate visual quantities into their corresponding numerical representations.,"Two columns are shown. One column has sets of bundles (e.g., 6 Thousands 3 Hundreds and 3 Tens) and the other has numbers (e.g., 6330). Students must draw a line to match the bundles to the correct number.",FALSE,FALSE,FALSE,FALSE,FALSE,FALSE,FALSE,FALSE,FALSE
,"Let us learn 
Comparison - Explanation video",,,Students will compare 4-digit values by prioritizing the Hundred's place value over smaller units.,"A short video shows that the side with more Hundred-bundles is always the winner, even if the other side has many loose sticks.",FALSE,FALSE,FALSE,FALSE,FALSE,FALSE,FALSE,FALSE,FALSE
,"Game 1
Pop the ballon
",,Number Recognition & Place Value Discrimination,To identify the correct 4-digit number by distinguishing between similar-looking numerical sequences based on an auditory prompt.,"An audio prompt says a number (e.g., 7013). Two doors appear with similar-looking numbers (e.g., 7013 vs 031). Students must tap the correct door to move forward.",FALSE,FALSE,FALSE,FALSE,FALSE,FALSE,FALSE,FALSE,FALSE
,"Game 2
Sign drop",,Comparing and Ordering Numbers,To compare two four-digit numbers using comparison symbols based on the value of their digits in the highest place positions.,"Two sets of bundles are shown side-by-side with their total numbers written below them (e.g., 7140 vs 9899). Students must drag and drop the correct comparison symbol (>, <, or =) into the space between them.",FALSE,FALSE,FALSE,FALSE,FALSE,FALSE,FALSE,FALSE,FALSE
,"4. Arrange the numbers
Explanation Video",,,,,FALSE,FALSE,FALSE,FALSE,FALSE,FALSE,FALSE,FALSE,FALSE
,"
Game 1
Number line",,Missing numbers,To sequence numbers and identify missing numbers in a series.,"A horizontal number line is displayed with a few empty slots. Below the line, four fish-shaped cards containing different numbers are swimming. Students must identify the sequence of the number line and drag the correct fish into its matching missing spot",FALSE,FALSE,FALSE,FALSE,FALSE,FALSE,FALSE,FALSE,FALSE
,"Game 2
Number line ",,Sequencing,To order 4-digit numbers correctly by comparing their values.,"An empty horizontal line is shown with a ""Smallest"" sign on the left and a ""Largest"" sign on the right. Several fish swimming across carry 4-digit numbers. Students must drag the fish and place them in the correct sequence on the line, following the order (smallest to largest or largest to smallest) as instructed.",FALSE,FALSE,FALSE,FALSE,FALSE,FALSE,FALSE,FALSE,FALSE
,,,,,,,,,,,,,,
,,,,,,,,,,,,,,
,"Level 4 ( Grade 4 )
  Week 1  
Session 3  ",,,,,FALSE,FALSE,FALSE,FALSE,FALSE,FALSE,FALSE,FALSE,FALSE
,Revision video - Numbers 1000 to 9999,,,,,TRUE,FALSE,FALSE,FALSE,FALSE,FALSE,FALSE,FALSE,FALSE
,"Drag and drop, drag and fill, match it, number line",,,,,FALSE,FALSE,FALSE,FALSE,FALSE,FALSE,FALSE,FALSE,FALSE
,,,,,,,,,,,,,,
,,,,,,,,,,,,,,
," Level 5 ( Grade 5 )
  Week 1  
Session 1  ",,,,,FALSE,FALSE,FALSE,FALSE,FALSE,FALSE,FALSE,FALSE,FALSE
,"Rhyme Time
Introduction -  10,000 to 1,00,000",,, Students will visually connect quantity counts to 5-digit number names.,"A lakhs rhyme with visuals will be played. As the rhyme counts, Lakh units appear on the screen to show the value.",FALSE,FALSE,FALSE,FALSE,FALSE,FALSE,FALSE,FALSE,FALSE
,"Game 1
Drag and Drop",,Place value,To understand the relationship between hundreds and thousands by regrouping units to represent a larger number.,"A 5-digit multiple of 10,000 is displayed (e.g., 40,000). Several Ten thousand-bundles are provided on the screen. Students must drag and drop the correct number of Ten Thousand-bundles into a box to match the number.",FALSE,FALSE,FALSE,FALSE,FALSE,FALSE,FALSE,FALSE,FALSE
,"Story time
Number - 10,000 to 50,000 ( Random numbers )",,Place value,Students will conceptualize the L-TTh-Th- H-T-O structure and the role of zero in number formation.,"The story explains how to form numbers using Ten Thousand, Thousand, Hundreds, Tens, and Ones bundles. It also explains the Zero Guard (placeholder) to avoid common writing errors.",FALSE,FALSE,FALSE,FALSE,FALSE,FALSE,FALSE,FALSE,FALSE
,"Game 1
Drag and fill",,Place Value (Expansion),"To expand a Five-digit number by identifying and representing the value of each digit in its respective place (Thousands, Hundreds, Tens, and Ones).","A 5-digit number is displayed (e.g., 14,562). Three baskets are provided: Ten thousand, Thousand, Hundreds, Tens, and Ones. Students must drag and drop the correct quantities—1 ten thousand bundles, 4 Thousand -bundles, 5 Hundred-bundles, 6 Ten-bundles, and 2 Loose sticks—into their respective baskets.",FALSE,FALSE,FALSE,FALSE,FALSE,FALSE,FALSE,FALSE,FALSE
,"Game 2
Match it",,Place Value (5-Digit Representation),Students will translate visual quantities into their corresponding numerical representations.,"Two columns are shown. One column has sets of bundles (e.g., 2 ten thousand,  1 Thousands,  3 Hundreds and 3 Tens) and the other has numbers (e.g., 21,330). Students must draw a line to match the bundles to the correct number.",FALSE,FALSE,FALSE,FALSE,FALSE,FALSE,FALSE,FALSE,FALSE
,"Let us learn 
Comparison - Explanation video",,,Students will compare 5-digit values by prioritizing the Hundred's place value over smaller units.,"A short video shows that the side with more Hundred-bundles is always the winner, even if the other side has many loose sticks.",FALSE,FALSE,FALSE,FALSE,FALSE,FALSE,FALSE,FALSE,FALSE
,"Game 1
Pop the ballon
",,Number Recognition & Place Value Discrimination,To identify the correct 5-digit number by distinguishing between similar-looking numerical sequences based on an auditory prompt.,"An audio prompt plays a 5-digit number. Two balloons float on the screen with similar-looking numbers. Students must tap (pop) the correct balloon to move forward.
Ex : 33,013 and 33,103",FALSE,FALSE,FALSE,FALSE,FALSE,FALSE,FALSE,FALSE,FALSE
,"Game 2
Sign Drop",,Comparing and Ordering Numbers,To compare two four-digit numbers using comparison symbols based on the value of their digits in the highest place positions.,"Two sets of bundles are shown side-by-side with their total numbers written below them (e.g., 43140 vs 42899). Students must drag and drop the correct comparison symbol (>, <, or =) into the space between them.",FALSE,FALSE,FALSE,FALSE,FALSE,FALSE,FALSE,FALSE,FALSE
,"4. Arrange the numbers
",,,,,FALSE,FALSE,FALSE,FALSE,FALSE,FALSE,FALSE,FALSE,FALSE
,"
Game 1
Number line",,Missing numbers,To sequence numbers and identify missing numbers in a series.,"A horizontal number line is displayed with a few empty slots. Below the line, four fish-shaped cards containing different numbers are swimming. Students must identify the sequence of the number line and drag the correct fish into its matching missing spot",FALSE,FALSE,FALSE,FALSE,FALSE,FALSE,FALSE,FALSE,FALSE
,"Game 2
Number line ",,Sequencing,To order 5-digit numbers correctly by comparing their values.,"An empty horizontal line is shown with a ""Smallest"" sign on the left and a ""Largest"" sign on the right. Several fish swimming across carry 5-digit numbers. Students must drag the fish and place them in the correct sequence on the line, following the order (smallest to largest or largest to smallest) as instructed.",FALSE,FALSE,FALSE,FALSE,FALSE,FALSE,FALSE,FALSE,FALSE
,,,,,,,,,,,,,,
,"Level 5  ( Grade 5 )

  Week 1  
Session 2 ",,,,,FALSE,FALSE,,,,,,,
,"Rhyme Time
Introduction - 50,000 to 1,00,000",,, Students will visually connect quantity counts to 5-digit number names.," A repeating number rhyme (500,00–1,00,000) plays while objects pop up one by one to match the count. Students listen first, then sing along while watching.",FALSE,FALSE,,,,,,,
,"Game 1
Drag and Drop",,Place value,To understand the relationship between hundreds and thousands by regrouping units to represent a larger number.,"A 5-digit multiple of 10,000 is displayed (e.g., 60,000). Several Ten thousand-bundles are provided on the screen. Students must drag and drop the correct number of Ten Thousand-bundles into a box to match the number.",FALSE,FALSE,FALSE,FALSE,FALSE,FALSE,FALSE,FALSE,FALSE
,"Story time
Number - 50,000 to 99,999 ( Random numbers )",,Place value,"Students will conceptualize the TTh, Th- H-T-O structure and the role of zero in number formation.","The story explains how to form numbers using Ten thousand, Thousand, Hundreds, Tens, and Ones bundles. It also explains the Zero Guard (placeholder) to avoid common writing errors.",FALSE,FALSE,FALSE,FALSE,FALSE,FALSE,FALSE,FALSE,FALSE
,"Game 1
Drag and fill",,Place Value (Expansion),"To expand a four-digit number by identifying and representing the value of each digit in its respective place (Ten Thousand, Thousands, Hundreds, Tens, and Ones).","A 5-digit number is displayed (e.g., 57562). Three baskets are provided: Ten Thousand, Thousand, Hundreds, Tens, and Ones. Students must drag and drop the correct quantities—5 Ten thousand, 7 Thousand -bundles, 5 Hundred-bundles, 6 Ten-bundles, and 2 Loose sticks—into their respective baskets.",FALSE,FALSE,FALSE,FALSE,FALSE,FALSE,FALSE,FALSE,FALSE
,"Game 2
Match it",,Place Value (5-Digit Representation),Students will translate visual quantities into their corresponding numerical representations.,"Two columns are shown. One column has sets of bundles (e.g., 4 Ten Thousand, 6 Thousands 3 Hundreds and 3 Tens) and the other has numbers (e.g., 46,330). Students must draw a line to match the bundles to the correct number.",FALSE,FALSE,FALSE,FALSE,FALSE,FALSE,FALSE,FALSE,FALSE
,"Let us learn 
Comparison - Explanation video",,,Students will compare 5-digit values by prioritizing the Hundred's place value over smaller units.,"A short video shows that the side with more Hundred-bundles is always the winner, even if the other side has many loose sticks.",FALSE,FALSE,FALSE,FALSE,FALSE,FALSE,FALSE,FALSE,FALSE
,"Game 1
Pop the ballon
",,Number Recognition & Place Value Discrimination,To identify the correct 5-digit number by distinguishing between similar-looking numerical sequences based on an auditory prompt.,"An audio prompt says a number (e.g., 67013). Two doors appear with similar-looking numbers (e.g., 67013 vs 67031). Students must tap the correct door to move forward.",FALSE,FALSE,FALSE,FALSE,FALSE,FALSE,FALSE,FALSE,FALSE
,"Game 2
Sign drop",,Comparing and Ordering Numbers,To compare two five-digit numbers using comparison symbols based on the value of their digits in the highest place positions.,"Two sets of bundles are shown side-by-side with their total numbers written below them (e.g., 77140 vs 79899). Students must drag and drop the correct comparison symbol (>, <, or =) into the space between them.",FALSE,FALSE,FALSE,FALSE,FALSE,FALSE,FALSE,FALSE,FALSE
,"4. Arrange the numbers
Explanation Video",,,,,FALSE,FALSE,FALSE,FALSE,FALSE,FALSE,FALSE,FALSE,FALSE
,"
Game 1
Number line",,Missing numbers,To sequence numbers and identify missing numbers in a series.,"A horizontal number line is displayed with a few empty slots. Below the line, four fish-shaped cards containing different numbers are swimming. Students must identify the sequence of the number line and drag the correct fish into its matching missing spot",FALSE,FALSE,FALSE,FALSE,FALSE,FALSE,FALSE,FALSE,FALSE
,"Game 2
Number line ",,Sequencing,To order 5-digit numbers correctly by comparing their values.,"An empty horizontal line is shown with a ""Smallest"" sign on the left and a ""Largest"" sign on the right. Several fish swimming across carry 5-digit numbers. Students must drag the fish and place them in the correct sequence on the line, following the order (smallest to largest or largest to smallest) as instructed.",FALSE,FALSE,FALSE,FALSE,FALSE,FALSE,FALSE,FALSE,FALSE
,,,,,,,,,,,,,,
,,,,,,,,,,,,,,
,"Level 5 ( Grade 5 )
  Week 1  
Session 3  ",,,,,FALSE,FALSE,FALSE,FALSE,FALSE,FALSE,FALSE,FALSE,FALSE
,"Revision video - Numbers 10,000 to 1,00,000",,,,,TRUE,FALSE,FALSE,FALSE,FALSE,FALSE,FALSE,FALSE,FALSE
,"Drag and drop, drag and fill, match it, number line",,,,,FALSE,FALSE,FALSE,FALSE,FALSE,FALSE,FALSE,FALSE,FALSE
